"Travel motives","Population","Travel modes","Margins","Region characteristics","Periods","Average per person per day Trips (number)","Distance travelled (passenger kilometres )","Average per person per year Trips (number)","Distance travelled (passenger kilometres )"
"Total","Population 6 years or older","Total","Value","The Netherlands","2018","2.78","36.16","1,015","13,200"
"Total","Population 6 years or older","Total","Value","The Netherlands","2019","2.71","36.00","989","13,140"
"Total","Population 6 years or older","Total","Value","The Netherlands","2020","2.35","24.88","861","9,105"
"Total","Population 6 years or older","Total","Value","The Netherlands","2021","2.51","27.24","915","9,942"
"Total","Population 6 years or older","Total","Value","The Netherlands","2022","2.70","30.21","984","11,027"
"Total","Population 6 years or older","Total","Value","The Netherlands","2023","2.72","31.97","992","11,669"
"Total","Population 6 years or older","Total","Value","Utrecht (PV)","2018","2.89","37.88","1,056","13,825"
"Total","Population 6 years or older","Total","Value","Utrecht (PV)","2019","2.81","40.15","1,026","14,656"
"Total","Population 6 years or older","Total","Value","Utrecht (PV)","2020","2.43","26.57","888","9,726"
"Total","Population 6 years or older","Total","Value","Utrecht (PV)","2021","2.57","28.40","937","10,366"
"Total","Population 6 years or older","Total","Value","Utrecht (PV)","2022","2.80","31.74","1,021","11,585"
"Total","Population 6 years or older","Total","Value","Utrecht (PV)","2023","2.82","34.64","1,029","12,645"
"Total","Population 6 years or older","Passenger car (driver)","Value","The Netherlands","2018","0.96","18.16","350","6,628"
"Total","Population 6 years or older","Passenger car (driver)","Value","The Netherlands","2019","0.95","18.02","346","6,578"
"Total","Population 6 years or older","Passenger car (driver)","Value","The Netherlands","2020","0.81","13.14","295","4,811"
"Total","Population 6 years or older","Passenger car (driver)","Value","The Netherlands","2021","0.82","14.05","300","5,129"
"Total","Population 6 years or older","Passenger car (driver)","Value","The Netherlands","2022","0.87","15.13","317","5,524"
"Total","Population 6 years or older","Passenger car (driver)","Value","The Netherlands","2023","0.91","16.12","333","5,883"
"Total","Population 6 years or older","Passenger car (driver)","Value","Utrecht (PV)","2018","0.91","18.71","331","6,829"
"Total","Population 6 years or older","Passenger car (driver)","Value","Utrecht (PV)","2019","0.89","19.88","324","7,256"
"Total","Population 6 years or older","Passenger car (driver)","Value","Utrecht (PV)","2020","0.73","13.71","268","5,017"
"Total","Population 6 years or older","Passenger car (driver)","Value","Utrecht (PV)","2021","0.76","14.16","277","5,168"
"Total","Population 6 years or older","Passenger car (driver)","Value","Utrecht (PV)","2022","0.82","15.31","298","5,588"
"Total","Population 6 years or older","Passenger car (driver)","Value","Utrecht (PV)","2023","0.83","16.38","303","5,979"
"Total","Population 6 years or older","Train","Value","The Netherlands","2018","0.08","3.88","29","1,417"
"Total","Population 6 years or older","Train","Value","The Netherlands","2019","0.08","4.08","30","1,488"
"Total","Population 6 years or older","Train","Value","The Netherlands","2020","0.03","1.60","12","586"
"Total","Population 6 years or older","Train","Value","The Netherlands","2021","0.03","1.67","13","610"
"Total","Population 6 years or older","Train","Value","The Netherlands","2022","0.05","2.62","19","955"
"Total","Population 6 years or older","Train","Value","The Netherlands","2023","0.07","3.26","24","1,190"
"Total","Population 6 years or older","Train","Value","Utrecht (PV)","2018","0.11","4.81","42","1,756"
"Total","Population 6 years or older","Train","Value","Utrecht (PV)","2019","0.13","5.79","47","2,112"
"Total","Population 6 years or older","Train","Value","Utrecht (PV)","2020","0.05","2.31","19","845"
"Total","Population 6 years or older","Train","Value","Utrecht (PV)","2021","0.05","2.27","19","830"
"Total","Population 6 years or older","Train","Value","Utrecht (PV)","2022","0.08","3.37","28","1,229"
"Total","Population 6 years or older","Train","Value","Utrecht (PV)","2023","0.11","4.78","40","1,744"
"Total","Population 6 years or older","Bike","Value","The Netherlands","2018","0.79","3.16","289","1,155"
"Total","Population 6 years or older","Bike","Value","The Netherlands","2019","0.76","3.01","276","1,098"
"Total","Population 6 years or older","Bike","Value","The Netherlands","2020","0.63","2.61","229","955"
"Total","Population 6 years or older","Bike","Value","The Netherlands","2021","0.64","2.68","232","979"
"Total","Population 6 years or older","Bike","Value","The Netherlands","2022","0.75","3.04","274","1,108"
"Total","Population 6 years or older","Bike","Value","The Netherlands","2023","0.73","2.92","266","1,065"
"Total","Population 6 years or older","Bike","Value","Utrecht (PV)","2018","0.94","3.72","344","1,358"
"Total","Population 6 years or older","Bike","Value","Utrecht (PV)","2019","0.91","3.40","334","1,242"
"Total","Population 6 years or older","Bike","Value","Utrecht (PV)","2020","0.73","2.83","269","1,036"
"Total","Population 6 years or older","Bike","Value","Utrecht (PV)","2021","0.74","3.02","271","1,101"
"Total","Population 6 years or older","Bike","Value","Utrecht (PV)","2022","0.90","3.39","329","1,237"
"Total","Population 6 years or older","Bike","Value","Utrecht (PV)","2023","0.90","3.48","327","1,272"
"Total","Population 6 years or older","Walking","Value","The Netherlands","2018","0.44","0.90","162","328"
"Total","Population 6 years or older","Walking","Value","The Netherlands","2019","0.43","0.88","155","322"
"Total","Population 6 years or older","Walking","Value","The Netherlands","2020","0.52","1.12","191","411"
"Total","Population 6 years or older","Walking","Value","The Netherlands","2021","0.61","1.38","224","505"
"Total","Population 6 years or older","Walking","Value","The Netherlands","2022","0.58","1.21","213","441"
"Total","Population 6 years or older","Walking","Value","The Netherlands","2023","0.56","1.14","203","417"
"Total","Population 6 years or older","Walking","Value","Utrecht (PV)","2018","0.46","0.88","169","322"
"Total","Population 6 years or older","Walking","Value","Utrecht (PV)","2019","0.42","0.80","155","292"
"Total","Population 6 years or older","Walking","Value","Utrecht (PV)","2020","0.57","1.13","210","415"
"Total","Population 6 years or older","Walking","Value","Utrecht (PV)","2021","0.65","1.41","236","514"
"Total","Population 6 years or older","Walking","Value","Utrecht (PV)","2022","0.61","1.21","222","441"
"Total","Population 6 years or older","Walking","Value","Utrecht (PV)","2023","0.57","1.10","206","403"
"Travel to/from work, (non)-daily commute","Population 6 years or older","Total","Value","The Netherlands","2018","0.55","10.55","200","3,852"
"Travel to/from work, (non)-daily commute","Population 6 years or older","Total","Value","The Netherlands","2019","0.50","9.72","184","3,549"
"Travel to/from work, (non)-daily commute","Population 6 years or older","Total","Value","The Netherlands","2020","0.37","6.16","135","2,254"
"Travel to/from work, (non)-daily commute","Population 6 years or older","Total","Value","The Netherlands","2021","0.37","6.13","135","2,237"
"Travel to/from work, (non)-daily commute","Population 6 years or older","Total","Value","The Netherlands","2022","0.42","7.40","153","2,699"
"Travel to/from work, (non)-daily commute","Population 6 years or older","Total","Value","The Netherlands","2023","0.44","7.98","159","2,912"
"Travel to/from work, (non)-daily commute","Population 6 years or older","Total","Value","Utrecht (PV)","2018","0.57","11.01","208","4,018"
"Travel to/from work, (non)-daily commute","Population 6 years or older","Total","Value","Utrecht (PV)","2019","0.51","11.38","187","4,153"
"Travel to/from work, (non)-daily commute","Population 6 years or older","Total","Value","Utrecht (PV)","2020","0.35","6.52","127","2,385"
"Travel to/from work, (non)-daily commute","Population 6 years or older","Total","Value","Utrecht (PV)","2021","0.35","6.44","127","2,350"
"Travel to/from work, (non)-daily commute","Population 6 years or older","Total","Value","Utrecht (PV)","2022","0.39","7.35","142","2,683"
"Travel to/from work, (non)-daily commute","Population 6 years or older","Total","Value","Utrecht (PV)","2023","0.42","8.25","152","3,013"
"Travel to/from work, (non)-daily commute","Population 6 years or older","Passenger car (driver)","Value","The Netherlands","2018","0.27","6.79","99","2,477"
"Travel to/from work, (non)-daily commute","Population 6 years or older","Passenger car (driver)","Value","The Netherlands","2019","0.25","6.20","90","2,263"
"Travel to/from work, (non)-daily commute","Population 6 years or older","Passenger car (driver)","Value","The Netherlands","2020","0.19","4.37","70","1,601"
"Travel to/from work, (non)-daily commute","Population 6 years or older","Passenger car (driver)","Value","The Netherlands","2021","0.19","4.33","69","1,580"
"Travel to/from work, (non)-daily commute","Population 6 years or older","Passenger car (driver)","Value","The Netherlands","2022","0.21","4.90","75","1,790"
"Travel to/from work, (non)-daily commute","Population 6 years or older","Passenger car (driver)","Value","The Netherlands","2023","0.21","5.24","78","1,913"
"Travel to/from work, (non)-daily commute","Population 6 years or older","Passenger car (driver)","Value","Utrecht (PV)","2018","0.25","6.66","92","2,431"
"Travel to/from work, (non)-daily commute","Population 6 years or older","Passenger car (driver)","Value","Utrecht (PV)","2019","0.24","7.18","88","2,622"
"Travel to/from work, (non)-daily commute","Population 6 years or older","Passenger car (driver)","Value","Utrecht (PV)","2020","0.17","4.49","63","1,644"
"Travel to/from work, (non)-daily commute","Population 6 years or older","Passenger car (driver)","Value","Utrecht (PV)","2021","0.17","4.35","62","1,587"
"Travel to/from work, (non)-daily commute","Population 6 years or older","Passenger car (driver)","Value","Utrecht (PV)","2022","0.18","4.59","66","1,675"
"Travel to/from work, (non)-daily commute","Population 6 years or older","Passenger car (driver)","Value","Utrecht (PV)","2023","0.19","5.12","69","1,867"
"Travel to/from work, (non)-daily commute","Population 6 years or older","Train","Value","The Netherlands","2018","0.03","1.33","12","485"
"Travel to/from work, (non)-daily commute","Population 6 years or older","Train","Value","The Netherlands","2019","0.03","1.35","12","491"
"Travel to/from work, (non)-daily commute","Population 6 years or older","Train","Value","The Netherlands","2020","0.01","0.50","5","182"
"Travel to/from work, (non)-daily commute","Population 6 years or older","Train","Value","The Netherlands","2021","0.01","0.36","4","133"
"Travel to/from work, (non)-daily commute","Population 6 years or older","Train","Value","The Netherlands","2022","0.02","0.71","6","261"
"Travel to/from work, (non)-daily commute","Population 6 years or older","Train","Value","The Netherlands","2023","0.02","1.04","9","379"
"Travel to/from work, (non)-daily commute","Population 6 years or older","Train","Value","Utrecht (PV)","2018","0.05","1.93","19","704"
"Travel to/from work, (non)-daily commute","Population 6 years or older","Train","Value","Utrecht (PV)","2019","0.06","2.26","21","826"
"Travel to/from work, (non)-daily commute","Population 6 years or older","Train","Value","Utrecht (PV)","2020","0.02","0.75","8","274"
"Travel to/from work, (non)-daily commute","Population 6 years or older","Train","Value","Utrecht (PV)","2021","0.02","0.66","7","239"
"Travel to/from work, (non)-daily commute","Population 6 years or older","Train","Value","Utrecht (PV)","2022","0.03","1.11","10","406"
"Travel to/from work, (non)-daily commute","Population 6 years or older","Train","Value","Utrecht (PV)","2023","0.04","1.49","14","543"
"Travel to/from work, (non)-daily commute","Population 6 years or older","Bike","Value","The Netherlands","2018","0.14","0.68","52","247"
"Travel to/from work, (non)-daily commute","Population 6 years or older","Bike","Value","The Netherlands","2019","0.13","0.65","49","237"
"Travel to/from work, (non)-daily commute","Population 6 years or older","Bike","Value","The Netherlands","2020","0.10","0.44","36","160"
"Travel to/from work, (non)-daily commute","Population 6 years or older","Bike","Value","The Netherlands","2021","0.10","0.45","37","163"
"Travel to/from work, (non)-daily commute","Population 6 years or older","Bike","Value","The Netherlands","2022","0.12","0.55","43","202"
"Travel to/from work, (non)-daily commute","Population 6 years or older","Bike","Value","The Netherlands","2023","0.12","0.57","44","208"
"Travel to/from work, (non)-daily commute","Population 6 years or older","Bike","Value","Utrecht (PV)","2018","0.17","0.91","63","332"
"Travel to/from work, (non)-daily commute","Population 6 years or older","Bike","Value","Utrecht (PV)","2019","0.15","0.81","53","295"
"Travel to/from work, (non)-daily commute","Population 6 years or older","Bike","Value","Utrecht (PV)","2020","0.10","0.48","38","176"
"Travel to/from work, (non)-daily commute","Population 6 years or older","Bike","Value","Utrecht (PV)","2021","0.10","0.51","37","185"
"Travel to/from work, (non)-daily commute","Population 6 years or older","Bike","Value","Utrecht (PV)","2022","0.12","0.58","43","213"
"Travel to/from work, (non)-daily commute","Population 6 years or older","Bike","Value","Utrecht (PV)","2023","0.12","0.70","45","254"
"Travel to/from work, (non)-daily commute","Population 6 years or older","Walking","Value","The Netherlands","2018","0.02","0.06","9","22"
"Travel to/from work, (non)-daily commute","Population 6 years or older","Walking","Value","The Netherlands","2019","0.02","0.06","8","22"
"Travel to/from work, (non)-daily commute","Population 6 years or older","Walking","Value","The Netherlands","2020","0.02","0.03","6","11"
"Travel to/from work, (non)-daily commute","Population 6 years or older","Walking","Value","The Netherlands","2021","0.02","0.03","7","11"
"Travel to/from work, (non)-daily commute","Population 6 years or older","Walking","Value","The Netherlands","2022","0.02","0.04","8","15"
"Travel to/from work, (non)-daily commute","Population 6 years or older","Walking","Value","The Netherlands","2023","0.02","0.05","8","18"
"Travel to/from work, (non)-daily commute","Population 6 years or older","Walking","Value","Utrecht (PV)","2018","0.02","0.06","9","23"
"Travel to/from work, (non)-daily commute","Population 6 years or older","Walking","Value","Utrecht (PV)","2019",".",".",".","."
"Travel to/from work, (non)-daily commute","Population 6 years or older","Walking","Value","Utrecht (PV)","2020","0.01","0.03","5","11"
"Travel to/from work, (non)-daily commute","Population 6 years or older","Walking","Value","Utrecht (PV)","2021","0.01","0.03","5","12"
"Travel to/from work, (non)-daily commute","Population 6 years or older","Walking","Value","Utrecht (PV)","2022","0.02","0.04","7","15"
"Travel to/from work, (non)-daily commute","Population 6 years or older","Walking","Value","Utrecht (PV)","2023","0.02","0.05","7","20"
"Professionally","Population 6 years or older","Total","Value","The Netherlands","2018","0.07","2.20","25","802"
"Professionally","Population 6 years or older","Total","Value","The Netherlands","2019","0.11","3.27","39","1,195"
"Professionally","Population 6 years or older","Total","Value","The Netherlands","2020","0.07","1.85","26","677"
"Professionally","Population 6 years or older","Total","Value","The Netherlands","2021","0.08","1.93","28","705"
"Professionally","Population 6 years or older","Total","Value","The Netherlands","2022","0.08","2.08","30","759"
"Professionally","Population 6 years or older","Total","Value","The Netherlands","2023","0.09","2.25","31","821"
"Professionally","Population 6 years or older","Total","Value","Utrecht (PV)","2018","0.07","2.22","24","809"
"Professionally","Population 6 years or older","Total","Value","Utrecht (PV)","2019","0.12","4.25","43","1,551"
"Professionally","Population 6 years or older","Total","Value","Utrecht (PV)","2020","0.07","2.15","27","788"
"Professionally","Population 6 years or older","Total","Value","Utrecht (PV)","2021","0.07","1.64","24","599"
"Professionally","Population 6 years or older","Total","Value","Utrecht (PV)","2022","0.08","2.17","29","791"
"Professionally","Population 6 years or older","Total","Value","Utrecht (PV)","2023","0.08","2.60","30","947"
"Professionally","Population 6 years or older","Passenger car (driver)","Value","The Netherlands","2018","0.04","1.40","14","510"
"Professionally","Population 6 years or older","Passenger car (driver)","Value","The Netherlands","2019","0.06","2.15","21","786"
"Professionally","Population 6 years or older","Passenger car (driver)","Value","The Netherlands","2020","0.04","1.17","14","429"
"Professionally","Population 6 years or older","Passenger car (driver)","Value","The Netherlands","2021","0.04","1.18","15","430"
"Professionally","Population 6 years or older","Passenger car (driver)","Value","The Netherlands","2022","0.04","1.28","15","467"
"Professionally","Population 6 years or older","Passenger car (driver)","Value","The Netherlands","2023","0.05","1.48","17","539"
"Professionally","Population 6 years or older","Passenger car (driver)","Value","Utrecht (PV)","2018","0.04","1.67","14","611"
"Professionally","Population 6 years or older","Passenger car (driver)","Value","Utrecht (PV)","2019","0.06","2.84","23","1,037"
"Professionally","Population 6 years or older","Passenger car (driver)","Value","Utrecht (PV)","2020","0.04","1.36","15","498"
"Professionally","Population 6 years or older","Passenger car (driver)","Value","Utrecht (PV)","2021","0.04","1.15","14","421"
"Professionally","Population 6 years or older","Passenger car (driver)","Value","Utrecht (PV)","2022","0.04","1.36","15","497"
"Professionally","Population 6 years or older","Passenger car (driver)","Value","Utrecht (PV)","2023","0.05","1.76","17","642"
"Professionally","Population 6 years or older","Train","Value","The Netherlands","2018","0.00","0.20","1","71"
"Professionally","Population 6 years or older","Train","Value","The Netherlands","2019","0.00","0.21","1","76"
"Professionally","Population 6 years or older","Train","Value","The Netherlands","2020","0.00","0.09","0","31"
"Professionally","Population 6 years or older","Train","Value","The Netherlands","2021","0.00","0.07","0","26"
"Professionally","Population 6 years or older","Train","Value","The Netherlands","2022","0.00","0.14","1","52"
"Professionally","Population 6 years or older","Train","Value","The Netherlands","2023","0.00","0.17","1","61"
"Professionally","Population 6 years or older","Train","Value","Utrecht (PV)","2018",".",".",".","."
"Professionally","Population 6 years or older","Train","Value","Utrecht (PV)","2019",".",".",".","."
"Professionally","Population 6 years or older","Train","Value","Utrecht (PV)","2020",".",".",".","."
"Professionally","Population 6 years or older","Train","Value","Utrecht (PV)","2021",".",".",".","."
"Professionally","Population 6 years or older","Train","Value","Utrecht (PV)","2022",".",".",".","."
"Professionally","Population 6 years or older","Train","Value","Utrecht (PV)","2023",".",".",".","."
"Professionally","Population 6 years or older","Bike","Value","The Netherlands","2018","0.01","0.04","3","15"
"Professionally","Population 6 years or older","Bike","Value","The Netherlands","2019","0.01","0.05","5","19"
"Professionally","Population 6 years or older","Bike","Value","The Netherlands","2020","0.01","0.03","3","12"
"Professionally","Population 6 years or older","Bike","Value","The Netherlands","2021","0.01","0.04","4","15"
"Professionally","Population 6 years or older","Bike","Value","The Netherlands","2022","0.01","0.05","4","17"
"Professionally","Population 6 years or older","Bike","Value","The Netherlands","2023","0.01","0.05","4","18"
"Professionally","Population 6 years or older","Bike","Value","Utrecht (PV)","2018",".",".",".","."
"Professionally","Population 6 years or older","Bike","Value","Utrecht (PV)","2019",".",".",".","."
"Professionally","Population 6 years or older","Bike","Value","Utrecht (PV)","2020","0.01","0.04","4","14"
"Professionally","Population 6 years or older","Bike","Value","Utrecht (PV)","2021","0.01","0.04","3","13"
"Professionally","Population 6 years or older","Bike","Value","Utrecht (PV)","2022","0.01","0.05","5","20"
"Professionally","Population 6 years or older","Bike","Value","Utrecht (PV)","2023","0.01","0.07","4","26"
"Professionally","Population 6 years or older","Walking","Value","The Netherlands","2018","0.00","0.01","1","2"
"Professionally","Population 6 years or older","Walking","Value","The Netherlands","2019","0.00","0.01","1","3"
"Professionally","Population 6 years or older","Walking","Value","The Netherlands","2020","0.00","0.00","1","2"
"Professionally","Population 6 years or older","Walking","Value","The Netherlands","2021","0.00","0.01","1","2"
"Professionally","Population 6 years or older","Walking","Value","The Netherlands","2022","0.00","0.01","1","2"
"Professionally","Population 6 years or older","Walking","Value","The Netherlands","2023","0.00","0.01","1","3"
"Professionally","Population 6 years or older","Walking","Value","Utrecht (PV)","2018",".",".",".","."
"Professionally","Population 6 years or older","Walking","Value","Utrecht (PV)","2019",".",".",".","."
"Professionally","Population 6 years or older","Walking","Value","Utrecht (PV)","2020",".",".",".","."
"Professionally","Population 6 years or older","Walking","Value","Utrecht (PV)","2021",".",".",".","."
"Professionally","Population 6 years or older","Walking","Value","Utrecht (PV)","2022",".",".",".","."
"Professionally","Population 6 years or older","Walking","Value","Utrecht (PV)","2023",".",".",".","."
"Services/care","Population 6 years or older","Total","Value","The Netherlands","2018","0.09","0.83","31","302"
"Services/care","Population 6 years or older","Total","Value","The Netherlands","2019","0.09","0.73","31","267"
"Services/care","Population 6 years or older","Total","Value","The Netherlands","2020","0.07","0.61","26","224"
"Services/care","Population 6 years or older","Total","Value","The Netherlands","2021","0.09","0.74","32","271"
"Services/care","Population 6 years or older","Total","Value","The Netherlands","2022","0.09","0.72","33","263"
"Services/care","Population 6 years or older","Total","Value","The Netherlands","2023","0.09","0.74","32","272"
"Services/care","Population 6 years or older","Total","Value","Utrecht (PV)","2018","0.10","1.00","36","367"
"Services/care","Population 6 years or older","Total","Value","Utrecht (PV)","2019","0.09","0.80","31","292"
"Services/care","Population 6 years or older","Total","Value","Utrecht (PV)","2020","0.07","0.56","27","206"
"Services/care","Population 6 years or older","Total","Value","Utrecht (PV)","2021","0.10","0.81","36","294"
"Services/care","Population 6 years or older","Total","Value","Utrecht (PV)","2022","0.10","0.71","35","258"
"Services/care","Population 6 years or older","Total","Value","Utrecht (PV)","2023","0.08","0.80","31","291"
"Services/care","Population 6 years or older","Passenger car (driver)","Value","The Netherlands","2018","0.03","0.41","12","151"
"Services/care","Population 6 years or older","Passenger car (driver)","Value","The Netherlands","2019","0.03","0.38","12","140"
"Services/care","Population 6 years or older","Passenger car (driver)","Value","The Netherlands","2020","0.03","0.36","11","133"
"Services/care","Population 6 years or older","Passenger car (driver)","Value","The Netherlands","2021","0.04","0.42","13","153"
"Services/care","Population 6 years or older","Passenger car (driver)","Value","The Netherlands","2022","0.04","0.42","13","154"
"Services/care","Population 6 years or older","Passenger car (driver)","Value","The Netherlands","2023","0.03","0.42","13","153"
"Services/care","Population 6 years or older","Passenger car (driver)","Value","Utrecht (PV)","2018","0.04","0.54","13","199"
"Services/care","Population 6 years or older","Passenger car (driver)","Value","Utrecht (PV)","2019","0.03","0.37","10","133"
"Services/care","Population 6 years or older","Passenger car (driver)","Value","Utrecht (PV)","2020","0.03","0.37","11","136"
"Services/care","Population 6 years or older","Passenger car (driver)","Value","Utrecht (PV)","2021","0.04","0.45","13","165"
"Services/care","Population 6 years or older","Passenger car (driver)","Value","Utrecht (PV)","2022","0.03","0.42","11","154"
"Services/care","Population 6 years or older","Passenger car (driver)","Value","Utrecht (PV)","2023","0.03","0.41","10","150"
"Services/care","Population 6 years or older","Train","Value","The Netherlands","2018","0.00","0.07","1","27"
"Services/care","Population 6 years or older","Train","Value","The Netherlands","2019",".",".",".","."
"Services/care","Population 6 years or older","Train","Value","The Netherlands","2020",".",".",".","."
"Services/care","Population 6 years or older","Train","Value","The Netherlands","2021",".",".",".","."
"Services/care","Population 6 years or older","Train","Value","The Netherlands","2022",".",".",".","."
"Services/care","Population 6 years or older","Train","Value","The Netherlands","2023","0.00",".","0","."
"Services/care","Population 6 years or older","Train","Value","Utrecht (PV)","2018",".",".",".","."
"Services/care","Population 6 years or older","Train","Value","Utrecht (PV)","2019",".",".",".","."
"Services/care","Population 6 years or older","Train","Value","Utrecht (PV)","2020",".",".",".","."
"Services/care","Population 6 years or older","Train","Value","Utrecht (PV)","2021",".",".",".","."
"Services/care","Population 6 years or older","Train","Value","Utrecht (PV)","2022",".",".",".","."
"Services/care","Population 6 years or older","Train","Value","Utrecht (PV)","2023",".",".",".","."
"Services/care","Population 6 years or older","Bike","Value","The Netherlands","2018","0.02","0.06","8","21"
"Services/care","Population 6 years or older","Bike","Value","The Netherlands","2019","0.02","0.06","8","22"
"Services/care","Population 6 years or older","Bike","Value","The Netherlands","2020","0.02","0.05","6","17"
"Services/care","Population 6 years or older","Bike","Value","The Netherlands","2021","0.02","0.07","8","24"
"Services/care","Population 6 years or older","Bike","Value","The Netherlands","2022","0.03","0.07","9","25"
"Services/care","Population 6 years or older","Bike","Value","The Netherlands","2023","0.02","0.06","8","23"
"Services/care","Population 6 years or older","Bike","Value","Utrecht (PV)","2018","0.03","0.08","10","30"
"Services/care","Population 6 years or older","Bike","Value","Utrecht (PV)","2019","0.03","0.07","11","25"
"Services/care","Population 6 years or older","Bike","Value","Utrecht (PV)","2020","0.02","0.05","8","19"
"Services/care","Population 6 years or older","Bike","Value","Utrecht (PV)","2021","0.03","0.09","11","32"
"Services/care","Population 6 years or older","Bike","Value","Utrecht (PV)","2022","0.04","0.10","13","38"
"Services/care","Population 6 years or older","Bike","Value","Utrecht (PV)","2023","0.03","0.08","9","28"
"Services/care","Population 6 years or older","Walking","Value","The Netherlands","2018","0.01","0.01","3","4"
"Services/care","Population 6 years or older","Walking","Value","The Netherlands","2019","0.01","0.01","3","3"
"Services/care","Population 6 years or older","Walking","Value","The Netherlands","2020","0.01","0.01","3","3"
"Services/care","Population 6 years or older","Walking","Value","The Netherlands","2021","0.01","0.01","4","4"
"Services/care","Population 6 years or older","Walking","Value","The Netherlands","2022","0.01","0.01","4","4"
"Services/care","Population 6 years or older","Walking","Value","The Netherlands","2023","0.01","0.01","4","4"
"Services/care","Population 6 years or older","Walking","Value","Utrecht (PV)","2018",".",".",".","."
"Services/care","Population 6 years or older","Walking","Value","Utrecht (PV)","2019",".",".",".","."
"Services/care","Population 6 years or older","Walking","Value","Utrecht (PV)","2020","0.01","0.01","4","4"
"Services/care","Population 6 years or older","Walking","Value","Utrecht (PV)","2021","0.01","0.01","4","5"
"Services/care","Population 6 years or older","Walking","Value","Utrecht (PV)","2022","0.02","0.01","6","5"
"Services/care","Population 6 years or older","Walking","Value","Utrecht (PV)","2023","0.01","0.01","4","5"
"Shopping, groceries, funshopping.","Population 6 years or older","Total","Value","The Netherlands","2018","0.56","3.13","206","1,141"
"Shopping, groceries, funshopping.","Population 6 years or older","Total","Value","The Netherlands","2019","0.54","3.13","199","1,142"
"Shopping, groceries, funshopping.","Population 6 years or older","Total","Value","The Netherlands","2020","0.55","2.48","202","908"
"Shopping, groceries, funshopping.","Population 6 years or older","Total","Value","The Netherlands","2021","0.56","2.59","205","944"
"Shopping, groceries, funshopping.","Population 6 years or older","Total","Value","The Netherlands","2022","0.58","2.85","212","1,041"
"Shopping, groceries, funshopping.","Population 6 years or older","Total","Value","The Netherlands","2023","0.58","3.05","213","1,113"
"Shopping, groceries, funshopping.","Population 6 years or older","Total","Value","Utrecht (PV)","2018","0.57","2.72","210","991"
"Shopping, groceries, funshopping.","Population 6 years or older","Total","Value","Utrecht (PV)","2019","0.55","2.76","199","1,009"
"Shopping, groceries, funshopping.","Population 6 years or older","Total","Value","Utrecht (PV)","2020","0.59","2.42","217","886"
"Shopping, groceries, funshopping.","Population 6 years or older","Total","Value","Utrecht (PV)","2021","0.59","2.59","215","945"
"Shopping, groceries, funshopping.","Population 6 years or older","Total","Value","Utrecht (PV)","2022","0.62","3.02","225","1,103"
"Shopping, groceries, funshopping.","Population 6 years or older","Total","Value","Utrecht (PV)","2023","0.61","2.92","223","1,067"
"Shopping, groceries, funshopping.","Population 6 years or older","Passenger car (driver)","Value","The Netherlands","2018","0.20","1.52","71","554"
"Shopping, groceries, funshopping.","Population 6 years or older","Passenger car (driver)","Value","The Netherlands","2019","0.20","1.52","72","556"
"Shopping, groceries, funshopping.","Population 6 years or older","Passenger car (driver)","Value","The Netherlands","2020","0.20","1.37","74","500"
"Shopping, groceries, funshopping.","Population 6 years or older","Passenger car (driver)","Value","The Netherlands","2021","0.20","1.41","73","513"
"Shopping, groceries, funshopping.","Population 6 years or older","Passenger car (driver)","Value","The Netherlands","2022","0.20","1.45","71","528"
"Shopping, groceries, funshopping.","Population 6 years or older","Passenger car (driver)","Value","The Netherlands","2023","0.20","1.54","75","561"
"Shopping, groceries, funshopping.","Population 6 years or older","Passenger car (driver)","Value","Utrecht (PV)","2018","0.16","1.16","60","425"
"Shopping, groceries, funshopping.","Population 6 years or older","Passenger car (driver)","Value","Utrecht (PV)","2019","0.16","1.23","58","447"
"Shopping, groceries, funshopping.","Population 6 years or older","Passenger car (driver)","Value","Utrecht (PV)","2020","0.18","1.23","65","451"
"Shopping, groceries, funshopping.","Population 6 years or older","Passenger car (driver)","Value","Utrecht (PV)","2021","0.18","1.32","64","483"
"Shopping, groceries, funshopping.","Population 6 years or older","Passenger car (driver)","Value","Utrecht (PV)","2022","0.18","1.39","65","508"
"Shopping, groceries, funshopping.","Population 6 years or older","Passenger car (driver)","Value","Utrecht (PV)","2023","0.18","1.31","64","480"
"Shopping, groceries, funshopping.","Population 6 years or older","Train","Value","The Netherlands","2018","0.00","0.23","2","82"
"Shopping, groceries, funshopping.","Population 6 years or older","Train","Value","The Netherlands","2019","0.00","0.22","2","80"
"Shopping, groceries, funshopping.","Population 6 years or older","Train","Value","The Netherlands","2020","0.00","0.08","1","29"
"Shopping, groceries, funshopping.","Population 6 years or older","Train","Value","The Netherlands","2021","0.00","0.09","1","33"
"Shopping, groceries, funshopping.","Population 6 years or older","Train","Value","The Netherlands","2022","0.00","0.15","1","56"
"Shopping, groceries, funshopping.","Population 6 years or older","Train","Value","The Netherlands","2023","0.00","0.16","1","58"
"Shopping, groceries, funshopping.","Population 6 years or older","Train","Value","Utrecht (PV)","2018",".",".",".","."
"Shopping, groceries, funshopping.","Population 6 years or older","Train","Value","Utrecht (PV)","2019",".",".",".","."
"Shopping, groceries, funshopping.","Population 6 years or older","Train","Value","Utrecht (PV)","2020",".",".",".","."
"Shopping, groceries, funshopping.","Population 6 years or older","Train","Value","Utrecht (PV)","2021",".",".",".","."
"Shopping, groceries, funshopping.","Population 6 years or older","Train","Value","Utrecht (PV)","2022",".",".",".","."
"Shopping, groceries, funshopping.","Population 6 years or older","Train","Value","Utrecht (PV)","2023","0.01","0.23","3","85"
"Shopping, groceries, funshopping.","Population 6 years or older","Bike","Value","The Netherlands","2018","0.17","0.35","61","129"
"Shopping, groceries, funshopping.","Population 6 years or older","Bike","Value","The Netherlands","2019","0.16","0.33","57","121"
"Shopping, groceries, funshopping.","Population 6 years or older","Bike","Value","The Netherlands","2020","0.15","0.31","57","114"
"Shopping, groceries, funshopping.","Population 6 years or older","Bike","Value","The Netherlands","2021","0.15","0.30","53","109"
"Shopping, groceries, funshopping.","Population 6 years or older","Bike","Value","The Netherlands","2022","0.17","0.36","63","132"
"Shopping, groceries, funshopping.","Population 6 years or older","Bike","Value","The Netherlands","2023","0.16","0.34","59","124"
"Shopping, groceries, funshopping.","Population 6 years or older","Bike","Value","Utrecht (PV)","2018","0.21","0.42","77","154"
"Shopping, groceries, funshopping.","Population 6 years or older","Bike","Value","Utrecht (PV)","2019","0.20","0.36","73","132"
"Shopping, groceries, funshopping.","Population 6 years or older","Bike","Value","Utrecht (PV)","2020","0.19","0.38","71","139"
"Shopping, groceries, funshopping.","Population 6 years or older","Bike","Value","Utrecht (PV)","2021","0.19","0.37","68","135"
"Shopping, groceries, funshopping.","Population 6 years or older","Bike","Value","Utrecht (PV)","2022","0.21","0.41","75","150"
"Shopping, groceries, funshopping.","Population 6 years or older","Bike","Value","Utrecht (PV)","2023","0.20","0.43","74","157"
"Shopping, groceries, funshopping.","Population 6 years or older","Walking","Value","The Netherlands","2018","0.11","0.10","40","38"
"Shopping, groceries, funshopping.","Population 6 years or older","Walking","Value","The Netherlands","2019","0.10","0.09","37","34"
"Shopping, groceries, funshopping.","Population 6 years or older","Walking","Value","The Netherlands","2020","0.12","0.10","45","37"
"Shopping, groceries, funshopping.","Population 6 years or older","Walking","Value","The Netherlands","2021","0.14","0.12","52","45"
"Shopping, groceries, funshopping.","Population 6 years or older","Walking","Value","The Netherlands","2022","0.13","0.12","48","42"
"Shopping, groceries, funshopping.","Population 6 years or older","Walking","Value","The Netherlands","2023","0.13","0.11","47","42"
"Shopping, groceries, funshopping.","Population 6 years or older","Walking","Value","Utrecht (PV)","2018","0.12","0.11","43","41"
"Shopping, groceries, funshopping.","Population 6 years or older","Walking","Value","Utrecht (PV)","2019","0.11","0.09","39","32"
"Shopping, groceries, funshopping.","Population 6 years or older","Walking","Value","Utrecht (PV)","2020","0.15","0.11","54","41"
"Shopping, groceries, funshopping.","Population 6 years or older","Walking","Value","Utrecht (PV)","2021","0.16","0.12","58","46"
"Shopping, groceries, funshopping.","Population 6 years or older","Walking","Value","Utrecht (PV)","2022","0.16","0.13","57","48"
"Shopping, groceries, funshopping.","Population 6 years or older","Walking","Value","Utrecht (PV)","2023","0.15","0.13","54","46"
"Attending education/courses","Population 6 years or older","Total","Value","The Netherlands","2018","0.23","2.08","83","759"
"Attending education/courses","Population 6 years or older","Total","Value","The Netherlands","2019","0.22","2.05","81","750"
"Attending education/courses","Population 6 years or older","Total","Value","The Netherlands","2020","0.14","1.02","50","375"
"Attending education/courses","Population 6 years or older","Total","Value","The Netherlands","2021","0.14","1.17","52","426"
"Attending education/courses","Population 6 years or older","Total","Value","The Netherlands","2022","0.18","1.62","67","591"
"Attending education/courses","Population 6 years or older","Total","Value","The Netherlands","2023","0.18","1.67","67","608"
"Attending education/courses","Population 6 years or older","Total","Value","Utrecht (PV)","2018","0.25","2.22","90","810"
"Attending education/courses","Population 6 years or older","Total","Value","Utrecht (PV)","2019","0.23","1.82","85","665"
"Attending education/courses","Population 6 years or older","Total","Value","Utrecht (PV)","2020","0.15","1.08","54","394"
"Attending education/courses","Population 6 years or older","Total","Value","Utrecht (PV)","2021","0.16","1.28","57","466"
"Attending education/courses","Population 6 years or older","Total","Value","Utrecht (PV)","2022","0.20","1.59","73","579"
"Attending education/courses","Population 6 years or older","Total","Value","Utrecht (PV)","2023","0.20","1.61","74","589"
"Attending education/courses","Population 6 years or older","Passenger car (driver)","Value","The Netherlands","2018","0.02","0.39","6","143"
"Attending education/courses","Population 6 years or older","Passenger car (driver)","Value","The Netherlands","2019","0.01","0.37","5","136"
"Attending education/courses","Population 6 years or older","Passenger car (driver)","Value","The Netherlands","2020","0.01","0.21","3","77"
"Attending education/courses","Population 6 years or older","Passenger car (driver)","Value","The Netherlands","2021","0.01","0.23","3","86"
"Attending education/courses","Population 6 years or older","Passenger car (driver)","Value","The Netherlands","2022","0.01","0.34","4","124"
"Attending education/courses","Population 6 years or older","Passenger car (driver)","Value","The Netherlands","2023","0.01","0.34","4","122"
"Attending education/courses","Population 6 years or older","Passenger car (driver)","Value","Utrecht (PV)","2018",".",".",".","."
"Attending education/courses","Population 6 years or older","Passenger car (driver)","Value","Utrecht (PV)","2019",".",".",".","."
"Attending education/courses","Population 6 years or older","Passenger car (driver)","Value","Utrecht (PV)","2020",".",".",".","."
"Attending education/courses","Population 6 years or older","Passenger car (driver)","Value","Utrecht (PV)","2021",".",".",".","."
"Attending education/courses","Population 6 years or older","Passenger car (driver)","Value","Utrecht (PV)","2022",".",".",".","."
"Attending education/courses","Population 6 years or older","Passenger car (driver)","Value","Utrecht (PV)","2023","0.01","0.24","4","87"
"Attending education/courses","Population 6 years or older","Train","Value","The Netherlands","2018","0.01","0.63","5","230"
"Attending education/courses","Population 6 years or older","Train","Value","The Netherlands","2019","0.02","0.66","6","239"
"Attending education/courses","Population 6 years or older","Train","Value","The Netherlands","2020","0.01","0.22","2","79"
"Attending education/courses","Population 6 years or older","Train","Value","The Netherlands","2021","0.01","0.28","3","101"
"Attending education/courses","Population 6 years or older","Train","Value","The Netherlands","2022","0.01","0.41","4","151"
"Attending education/courses","Population 6 years or older","Train","Value","The Netherlands","2023","0.01","0.48","4","175"
"Attending education/courses","Population 6 years or older","Train","Value","Utrecht (PV)","2018","0.01","0.54","5","198"
"Attending education/courses","Population 6 years or older","Train","Value","Utrecht (PV)","2019",".",".",".","."
"Attending education/courses","Population 6 years or older","Train","Value","Utrecht (PV)","2020",".",".",".","."
"Attending education/courses","Population 6 years or older","Train","Value","Utrecht (PV)","2021","0.01","0.34","3","122"
"Attending education/courses","Population 6 years or older","Train","Value","Utrecht (PV)","2022","0.01","0.46","4","167"
"Attending education/courses","Population 6 years or older","Train","Value","Utrecht (PV)","2023","0.01","0.53","5","193"
"Attending education/courses","Population 6 years or older","Bike","Value","The Netherlands","2018","0.12","0.43","44","158"
"Attending education/courses","Population 6 years or older","Bike","Value","The Netherlands","2019","0.12","0.42","42","154"
"Attending education/courses","Population 6 years or older","Bike","Value","The Netherlands","2020","0.08","0.26","27","97"
"Attending education/courses","Population 6 years or older","Bike","Value","The Netherlands","2021","0.07","0.26","27","96"
"Attending education/courses","Population 6 years or older","Bike","Value","The Netherlands","2022","0.09","0.35","35","127"
"Attending education/courses","Population 6 years or older","Bike","Value","The Netherlands","2023","0.09","0.36","34","133"
"Attending education/courses","Population 6 years or older","Bike","Value","Utrecht (PV)","2018","0.14","0.55","51","199"
"Attending education/courses","Population 6 years or older","Bike","Value","Utrecht (PV)","2019","0.14","0.50","50","183"
"Attending education/courses","Population 6 years or older","Bike","Value","Utrecht (PV)","2020","0.09","0.31","32","112"
"Attending education/courses","Population 6 years or older","Bike","Value","Utrecht (PV)","2021","0.09","0.35","34","126"
"Attending education/courses","Population 6 years or older","Bike","Value","Utrecht (PV)","2022","0.12","0.43","42","156"
"Attending education/courses","Population 6 years or older","Bike","Value","Utrecht (PV)","2023","0.12","0.44","42","162"
"Attending education/courses","Population 6 years or older","Walking","Value","The Netherlands","2018","0.03","0.04","11","14"
"Attending education/courses","Population 6 years or older","Walking","Value","The Netherlands","2019","0.03","0.04","11","14"
"Attending education/courses","Population 6 years or older","Walking","Value","The Netherlands","2020","0.02","0.02","7","7"
"Attending education/courses","Population 6 years or older","Walking","Value","The Netherlands","2021","0.02","0.03","8","9"
"Attending education/courses","Population 6 years or older","Walking","Value","The Netherlands","2022","0.03","0.03","10","13"
"Attending education/courses","Population 6 years or older","Walking","Value","The Netherlands","2023","0.03","0.04","10","13"
"Attending education/courses","Population 6 years or older","Walking","Value","Utrecht (PV)","2018","0.03","0.03","10","12"
"Attending education/courses","Population 6 years or older","Walking","Value","Utrecht (PV)","2019","0.03","0.03","9","11"
"Attending education/courses","Population 6 years or older","Walking","Value","Utrecht (PV)","2020","0.02","0.02","8","7"
"Attending education/courses","Population 6 years or older","Walking","Value","Utrecht (PV)","2021","0.02","0.03","7","10"
"Attending education/courses","Population 6 years or older","Walking","Value","Utrecht (PV)","2022","0.03","0.04","10","14"
"Attending education/courses","Population 6 years or older","Walking","Value","Utrecht (PV)","2023","0.03","0.03","10","12"
"Source: CBS."